,ETH,Lag
USDT,3.920108987537548e-07,3
XLM,4.758898515046655e-06,28
BTC,4.938586914742465e-06,30
XRP,5.69412091212464e-06,27
DOGE,2.43651369636203e-05,30
MIOTA,0.0001339414421937,29
XEM,0.0008127356478692,14
LTC,0.001754414415484,29
XMR,0.006514230488749,30
