,LTC,Lag
MIOTA,4.2358333395352395e-08,17
USDT,3.25109036983657e-06,3
XRP,4.900789253109487e-06,22
XLM,1.2430050731095504e-05,6
XMR,0.0002056313705798,13
ETH,0.0007348547420189,30
BTC,0.0008847947981808,17
DOGE,0.0026664238393113,26
XEM,0.1961794666539971,13
