,XRP,Lag
MIOTA,5.199053871696424e-14,26
XEM,9.569882918077686e-12,30
LTC,2.59059270591051e-10,19
DOGE,2.7765526285240437e-10,28
BTC,1.2816909592309415e-09,26
ETH,1.4149683529134942e-08,29
XMR,7.453199652362727e-07,17
XLM,0.0001553931376459,19
USDT,0.0001953122256967,5
