,LTC,Lag
XEM,2.544191844000864e-09,14
XMR,1.5431412449050398e-08,11
MIOTA,3.065113374110693e-07,15
ETH,5.234517182206442e-06,14
USDT,0.000382435189041,18
BTC,0.0003943329095281,11
XRP,0.0063084441229623,1
DOGE,0.0120334630763952,26
XLM,0.0336469934756052,1
