,LTC,Lag
MIOTA,1.73628232563701e-06,17
XMR,5.153735429719645e-05,13
USDT,0.000757690219704,3
BTC,0.0020063016793875,11
DOGE,0.0193980487075319,26
ETH,0.0196930476637653,13
XRP,0.0228765808668524,16
XEM,0.0490449075008779,13
XLM,0.1495673944649318,29
