,LTC,Lag
XEM,2.0397654039833383e-09,14
XMR,2.80946983904934e-08,11
MIOTA,9.011814660789312e-07,14
ETH,6.390742360598183e-06,14
BTC,0.0002871406254587,11
USDT,0.0010676539604871,11
XRP,0.0082377683773272,12
DOGE,0.0180967227911113,26
XLM,0.0265622497584078,1
