,XRP,Lag
XEM,2.39247228605153e-12,30
MIOTA,7.525720303248688e-08,29
LTC,2.032640442955961e-07,26
DOGE,2.5995188148336696e-07,29
BTC,8.780583455255504e-05,28
ETH,0.0001408384010923,10
XLM,0.0017169337794872,25
XMR,0.0036611955957309,19
USDT,0.0055807433018963,11
