,XRP,Lag
XEM,5.5093039001024056e-21,29
MIOTA,2.441135234650544e-12,26
DOGE,2.401119083382799e-09,15
LTC,4.64163052447838e-07,26
ETH,3.850586603222934e-05,11
BTC,0.0002280326197629,28
XLM,0.0010276129876032,25
USDT,0.002074236215804,30
XMR,0.0060782962146878,19
