,LTC,Lag
USDT,1.4938818594730128e-13,5
XEM,3.864751619659818e-09,4
MIOTA,3.6618540302543685e-07,14
XMR,4.148751750480175e-07,13
BTC,0.0003459628066882,30
DOGE,0.0173883569080075,21
XRP,0.0542426559261145,16
ETH,0.0748983144572296,13
XLM,0.4889432868660918,29
